{
    "rewind": {
        "scene": {
            "version": 1,
            "name": "map",
            "origin": "topleft",
            "pixelsperunit": 1,
            "layers": [
                {
                    "name": "layer00",
                    "id": 0,
                    "active": true,
                    "visible": true
                },
                {
                    "name": "layer01",
                    "id": 1,
                    "active": true,
                    "visible": true
                }
            ],
            "objects": [
                {
                    "name": "header_map_title",
                    "active": true,
                    "visible": true,
                    "position": "39,11",
                    "depthorder": 11,
                    "layer": "layer00",
                    "scale": "1.430000,1.130000",
                    "orientation": 0.0,
                    "rotationspeed": 0.0,
                    "component": [
                        
                        {
                            "type": "sprite",
                            "name": "header_map_title_sprite",
                            "active": true,
                            "source": "header_title_maps_complet",
                            "currentsource": "header_title_maps_complet",
                            "color": "255,255,255,255",
                            "repeat": "1.000000,1.000000",
                            "scrollspeed": "0.000000,0.000000",
                            "material": "sprite",
                            "anchor": "topleft",
                            "size": "1280.000000,209.000000",
                            "offset": "0.000000,0.000000",
                            "depthbias": 111,
                            "blendingmode": "normal"
                        }
                    ]
                },
				{
                    "name": "background_map",
                    "active": true,
                    "visible": true,
                    "position": "0,-90",
                    "layer": "layer00",
                    "scale": "3.240000,3.120000",
                    "orientation": 0.0,
                    "rotationspeed": 0.0,
                    "component": [
                        {
                            "type": "sprite",
                            "name": "background_map_sprite",
                            "active": true,
                            "source": "Background_A_night",
                            "currentsource": "Background_A_night",
                            "color": "255,255,255,255",
                            "repeat": "1.000000,1.000000",
                            "scrollspeed": "0.000000,0.000000",
                            "material": "sprite",
                            "anchor": "topleft",
                            "size": "650.000000,1170.000000",
                            "offset": "0.000000,0.000000",
                            "depthbias": 0,
                            "blendingmode": "normal"
                        }
                    ]
                },
                {
                    "name": "character_avatar",
                    "active": true,
                    "visible": true,
                    "position": "500,452",
                    "layer": "layer00",
                    "scale": "0.850000,0.850000",
                    "orientation": 0.0,
                    "rotationspeed": 0.0,
                    "component": [
                        {
                            "type": "sprite",
                            "name": "character_avatar_sprite",
                            "active": true,
                            "source": "player",
                            "currentsource": "player",
                            "color": "255,255,255,255",
                            "repeat": "1.000000,1.000000",
                            "scrollspeed": "0.000000,0.000000",
                            "material": "sprite",
                            "anchor": "topleft",
                            "size": "128.000000,128.000000",
                            "offset": "0.000000,0.000000",
                            "depthbias": 0,
                            "blendingmode": "normal"
                        }
                    ]
                },
				{
                    "name": "button_quit_to_title_menu",
                    "active": true,
                    "visible": true,
                    "position": "90,740",
                    "layer": "layer00",
                    "scale": "1.000000,1.000000",
                    "orientation": 0.0,
                    "rotationspeed": 0.0,
                    "component": [

                        {
                            "type": "transform2d",
                            "name": "quit_to_title_menu_button_text_transform",
                            "active": true,
                            "parent": "",
                            "offset": "20.000000,87.000000",
                            "scale": "1.500000,1.500000",
                            "orientation": 0.0,
                            "rotationspeed": 0.0
                        },

                        {
                            "type": "textdrawer",
                            "name": "button_quit_to_menu_title",
                            "active": true,
                            "parent":"quit_to_title_menu_button_text_transform",
                            "text": {
                                "text": "QUIT TO TITLE MENU",
                                "size": 50,
                                "color": "255,255,255,255",
                                "opacity": 1.0,
                                "spacing": 0
                            },
                            "font": "GourHand",
                            "alignh": "left",
                            "alignv": "center",
                            "depthbias": 2,
                            "blendingmode": "normal"
                        },
                        {
                            "type": "sprite",
                            "name": "quit_to_title_menu_button_text",
                            "active": true,
                            "source": "button_empty_blank_desactivated_activated_blank",
                            "currentsource": "button_empty_blank_desactivated_activated_blank",
                            "color": "255,255,255,255",
                            "repeat": "1.000000,1.000000",
                            "scrollspeed": "0.000000,0.000000",
                            "material": "sprite",
                            "anchor": "topleft",
                            "size": "682.000000,161.000000",
                            "depthbias": 1,
                            "blendingmode": "normal"
                        }
                    ]
                },
                {
                    "name": "map_point",
                    "active": true,
                    "visible": true,
                    "position": "500,500",
                    "layer": "layer00",
                    "scale": "1.000000,1.000000",
                    "orientation": 0.0,
                    "rotationspeed": 0.0,
                    "component": [
                        {
                            "type": "sprite",
                            "name": "map_point_sprite",
                            "active": true,
                            "source": "Gem_Purple_Diff",
                            "currentsource": "Gem_Purple_Diff",
                            "color": "255,255,255,255",
                            "repeat": "1.000000,1.000000",
                            "scrollspeed": "0.000000,0.000000",
                            "material": "sprite",
                            "anchor": "topleft",
                            "size": "256.000000,256.000000",
                            "offset": "0.000000,0.000000",
                            "depthbias": 0,
                            "blendingmode": "normal"
                        }
                    ]
                }
            ],
            "cameras": [
                {
                    "name": "MainCamera",
                    "active": true,
                    "visible": true,
                    "position": "0,0",
                    "component": [
                        {
                            "type": "camera",
                            "name": "",
                            "active": true,
                            "zoom": 1.0
                        }
                    ]
                }
            ]
        }
    }
}