{
    "Settings": {
        "Engine": {
            "Heaps": {
                "Default": "0",
                "Graphics": "0",
                "Audio": "0",
                "Game": "0",
                "Physics": "0",
                "Script": "0"
            },
            "Scene": {
                "MaxObjects": "1024",
                "MaxConvexHulls": "0",
                "MaxTextures": "1024",
                "MaxAnimations": "1024",
                "MaxMaterials": "64",
                "MaxSounds": "64",
                "MaxFonts": "64"
            },
            "Audio": {
                "MaxPlayingSounds": "64",
                "FinalMixMusicVolume": "100",
                "FinalMixSfxVolume": "100",
                "FinalMixVoiceVolume": "100"
            }
        }
    }
}